"N", "J", "SWEEPS", "TRANSFS", "GS", "TIMEs", "MAXREΛ"
 128,   64,          9,       55632,  1015,       0.228310, 1.21884879964726074E-014
 256,  128,         11,      233705,  1013,       0.584212, 2.54027955375064479E-014
 512,  256,         11,     1041536,  1012,       1.307268, 4.12504262959786426E-014
1024,  512,         13,     4332818,  1011,       4.212435, 7.65048755971213724E-014
2048, 1024,         14,    18588630,  1010,      19.099956, 1.60189535358137915E-013
4096, 2048,         17,    76877786,  1009,     116.712492, 2.96391403862630197E-013
