"N", "J", "SWEEPS", "TRANSFS", "GS", "TIMEs", "MAXREΛ"
 128,   64,          9,       56680,  1014,       0.239753, 1.21494290427142614E-014
 256,  128,         11,      254141,  1013,       0.970133, 2.07393475055477236E-014
 512,  256,         11,     1052380,  1011,       1.534194, 4.35883773822695581E-014
1024,  512,         14,     4569985,  1010,       6.731300, 8.08923394994257422E-014
2048, 1024,         14,    19070657,  1009,      33.946778, 1.40500249618271521E-013
4096, 2048,         17,    78771188,  1008,     300.647984, 3.37452775038298076E-013
